model,real_test_rmse_mean,real_test_r2_mean,real_test_pearson_mean,real_generalization_gap_mean,synthetic_test_rmse_mean,synthetic_test_r2_mean,synthetic_hrf_rmse_mean,synthetic_hrf_r2_mean
GLM,0.5537518100938769,0.03461922231203339,0.46037020323178346,0.06271861802686107,0.4113573648049876,0.6585132121125378,0.12223214829255453,0.3364510408630557
MLP,0.5645802408776721,-0.14178725836806294,0.7108648832026376,0.2932795405709548,0.13467378336038463,0.9548305268096818,0.24042173804467556,-1.6045190174557042
PINN,0.5018904459952784,0.1524862265235977,0.7540040356053259,0.09919037252640511,0.0677208975614948,0.9886203338655885,0.0148109559177899,0.9883438976539897
