target_snr,n,test_rmse_mean,test_rmse_std,test_r2_mean,test_pearson_mean,hrf_rmse_mean,hrf_r2_mean,hrf_pearson_mean,epsilon_error,tau_error,alpha_error,runtime_minutes
10.0,20,0.057739931434596714,0.023428268681633124,0.9922279080559887,0.9995906110938806,0.012376376245117376,0.9922841464691213,0.9985778998031145,7.146198151163918,10.51432453836875,2.8446715910804734,2.088964101076126
5.0,20,0.06545255079295308,0.02633216742384134,0.990035740858452,0.9995690743173377,0.01391536806444824,0.9901943709026092,0.998495721795264,8.701173213726978,9.876181777150855,2.463967301870821,2.087606736620267
2.0,20,0.07997021045693473,0.04281150273707646,0.9835973526823245,0.9991205102689978,0.018141123443804294,0.9825531755902386,0.9970084233437388,10.47287726416205,14.259542058190695,2.745068652649239,2.0926827818155287
