target_snr,baseline,signal_rmse_reduction_mean_percent,signal_rmse_reduction_median_percent,hrf_rmse_reduction_mean_percent,hrf_rmse_reduction_median_percent
10.0,GLM,85.78057850904207,86.41281683665947,89.8747949870858,90.41499793636862
10.0,MLP,25.971386436170953,33.21587145830787,94.8337958306153,95.09796009707026
5.0,GLM,84.02315433205405,84.5230242931382,88.62020162185574,89.12507454169703
5.0,MLP,35.343266039843954,31.51191292786703,94.09695817083244,94.09778547551636
2.0,GLM,80.95154684766983,81.89682321420997,85.17918651298393,85.2366560969601
2.0,MLP,60.65293770830173,68.53329391173563,92.05244425575565,92.72191712809524
