model,target_snr,n,test_rmse_mean,test_rmse_std,test_rmse_median,test_r2_mean,test_r2_std,hrf_rmse_mean,hrf_rmse_std,hrf_r2_mean,hrf_r2_std
GLM,10.0,20,0.40553692767025906,0.005207445463121701,0.4059056330767321,0.6684066946110091,0.0085116644608234,0.12223376957181911,0.00019610024317922052,0.33643801861951284,0.002128688999786287
MLP,10.0,20,0.08491401916217875,0.03284877188482323,0.08591072017604075,0.9833978976507467,0.01435304329228132,0.24179973557824078,0.02499207174166818,-1.6229803457429195,0.5341814788485457
PINN,10.0,20,0.057739931434596714,0.023428268681633124,0.05523679357527015,0.9922279080559887,0.006462216755673368,0.012376376245117376,0.004652080949978667,0.9922841464691213,0.005982381394040513
GLM,5.0,20,0.40985079715632444,0.005559591680938336,0.4081685700818049,0.6613083566069637,0.009203617652101185,0.12224052183684761,0.00028972740021675236,0.33636278653313056,0.0031446898189906296
MLP,5.0,20,0.10878187603689578,0.02916321973009448,0.1022208053244954,0.9745156602549679,0.014803697427715805,0.23734787772853708,0.024724231153528783,-1.5276839229038526,0.5292688597871436
PINN,5.0,20,0.06545255079295308,0.02633216742384134,0.0635363790825455,0.990035740858452,0.007621471948439602,0.01391536806444824,0.005346079218963141,0.9901943709026092,0.0071635291825327815
GLM,2.0,20,0.4186843695883793,0.020289227604291395,0.41217385940295803,0.6458245851196402,0.03466019521346587,0.12222215346899698,0.0005643271609410699,0.33655231743652403,0.006141864742684499
MLP,2.0,20,0.21032545488207952,0.04707128518687533,0.2080652944051288,0.9065780225233308,0.045303126450308547,0.24211760082724906,0.037532352840713726,-1.6628927837203402,0.8064667803782604
PINN,2.0,20,0.07997021045693473,0.04281150273707646,0.0742347217593973,0.9835973526823245,0.017170014317680997,0.018141123443804294,0.008191269465925846,0.9825531755902386,0.014914728844141262
